,cl_name,obs_name,flux_significance,hardness
403,104_NGC-6522.csv, 2CXO J180323.0-300604,3.836,116.13513513513514
43,106_NGC-6528.csv, 2CXO J180323.0-300604,3.836,116.13513513513514
279,28_NGC-5139.csv, 2CXO J132653.5-472900,10.508000000000001,140.39999999999998
825,89_NGC-6397.csv, 2CXO J174058.2-534618,5.448,208.16666666666669
913,89_NGC-6397.csv, 2CXO J174105.2-533759,3.016,50.97297297297297
5,93_Terzan-5.csv, 2CXO J174716.3-244756,4.558,72.38392857142857
